No.,Company Name,Company Website
1,7-ELEVEN MALAYSIA HOLDINGS BERHAD,http://www.7eleven.com.my
2,A-RANK BERHAD [S],http://www.arank.com.my
3,ABLEGROUP BERHAD [S],http://www.ablegroup.com.my/
4,ABM FUJIYA BERHAD [S],http://www.abmfujiya.com.my
5,ACME HOLDINGS BERHAD [S],https://www.acmeholdings.com.my
6,ACOUSTECH BERHAD [S],http://www.acoustech.com.my/
7,ADVANCE SYNERGY BERHAD,http://www.asb.com.my
8,ADVANCECON HOLDINGS BERHAD [S],http://www.advancecon.com.my/
9,ADVANCED PACKAGING TECHNOLOGY (M) BHD [S],http://www.advancedpack.com.my
10,ADVENTA BERHAD [S],http://www.adventa.com.my
11,AE MULTI HOLDINGS BERHAD [S],http://www.amallionpcb.com
12,AEON CO. (M) BHD [S],http://www.aeonretail.com.my
13,AEON CREDIT SERVICE (M) BERHAD,https://www.aeoncredit.com.my/
14,AFFIN BANK BERHAD,http://www.affin.com.my
15,PRINSIPTEK CORPORATION BERHAD [S],http://www.prinsiptek.com
16,AHB HOLDINGS BERHAD [S],http://www.ahb.com.my
17,AHMAD ZAKI RESOURCES BERHAD [S],http://www.azrb.com
18,AIRASIA GROUP BERHAD [S],http://www.airasia.com
19,AirAsia X Berhad [S],http://www.airasiax.com
20,AJINOMOTO (MALAYSIA) BERHAD [S],http://www.ajinomoto.com.my
21,AJIYA BERHAD [S],http://www.ajiya.com
22,AL-AQAR HEALTHCARE REIT [S],http://www.alaqar.com.my/
23,AL-SALAM REAL ESTATE INVESTMENT TRUST [S],http://www.alsalamreit.com.my
24,ALAM MARITIM RESOURCES BERHAD [S],http://www.alam-maritim.com.my
25,ALCOM GROUP BERHAD,http://www.alcom.com.my
26,ALLIANCE BANK MALAYSIA BERHAD,http://www.alliancebank.com.my/
27,ALLIANZ MALAYSIA BERHAD,http://www.allianz.com.my
28,AMALGAMATED INDUSTRIAL STEEL BERHAD [S],http://www.aisberhad.com.my
29,AMANAH HARTA TANAH PNB,http://www.ahp.com.my
30,AMANAHRAYA REAL ESTATE INVESTMENT TRUST,http://www.arrm.com.my
31,AMCORP PROPERTIES BERHAD,http://www.amcorpproperties.com
32,AME ELITE CONSORTIUM BERHAD [S],https://ame-elite.com
33,AMFIRST REAL ESTATE INVESTMENT TRUST,http://www.amfirstreit.com.my
34,AMMB HOLDINGS BERHAD,http://www.ambankgroup.com
35,AMTEL HOLDINGS BERHAD,http://www.amtel.com.my
36,AMWAY (MALAYSIA) HOLDINGS BERHAD [S],http://www.amway2u.com
37,ANALABS RESOURCES BERHAD [S],http://www.analabs.com.my
38,ANCOM BERHAD [S],http://www.ancom.com.my
39,ANN JOO RESOURCES BERHAD [S],http://www.annjoo.com.my
40,ANZO HOLDINGS BERHAD [S],http://www.harvestcourt.com
41,APB RESOURCES BERHAD [S],http://www.apb-resources.com
42,APEX EQUITY HOLDINGS BERHAD,http://www.apexequity.com.my/cms/main.php
43,APEX HEALTHCARE BERHAD [S],http://www.apexhealthcare.com.my/
44,APFT BERHAD [S],http://www.apft.com.my
45,APM AUTOMOTIVE HOLDINGS BERHAD [S],http://www.apm-automotive.com
46,APOLLO FOOD HOLDINGS BERHAD [S],http://www.apollofood.com.my
47,ARB BERHAD [S],https://www.arbberhad.com/
48,ARK RESOURCES HOLDINGS BERHAD [S],http://www.ark-resources.com.my
49,ASIA BRANDS BERHAD [S],http://www.asiabrands.com.my
50,ASIA FILE CORPORATION BHD [S],http://www.asia-file.com
51,ASIA MEDIA GROUP BERHAD,http://www.asiamedia.net.my
52,ASIAN PAC HOLDINGS BERHAD [S],http://www.asianpac.com.my
53,ASTINO BERHAD [S],http://www.astino.com.my
54,ASTRAL ASIA BERHAD [S],http://www.astralasia.com
55,ASTRO MALAYSIA HOLDINGS BERHAD,http://www.astromalaysia.com.my
56,ATA IMS BERHAD [S],http://denko.com.my
57,ATLAN HOLDINGS BHD,http://www.atlan.com.my/
58,ATRIUM REAL ESTATE INVESTMENT TRUST,http://www.atriumreit.com.my/
59,ATTA GLOBAL GROUP BERHAD [S],http://www.attaglobalgroup.com/
60,AVILLION BERHAD [S],http://www.avillion.com/
61,AWC BERHAD [S],http://www.awc.com.my
62,AXIATA GROUP BERHAD [S],http://www.axiata.com
63,AXIS REAL ESTATE INVESTMENT TRUST [S],http://www.axis-reit.com.my
64,AYER HOLDINGS BERHAD [S],http://www.tahps.com.my
65,AYS VENTURES BERHAD,http://www.ays-group.com
66,B.I.G. INDUSTRIES BERHAD [S],http://www.bigind.com.my
67,BARAKAH OFFSHORE PETROLEUM BERHAD [S],http://www.barakahpetroleum.com
68,BATU KAWAN BERHAD [S],http://www.bkawan.com.my
69,BCB BERHAD,http://www.bcbbhd.com.my
70,BENALEC HOLDINGS BERHAD,http://www.benalec.com.my
71,BERJAYA ASSETS BERHAD,http://www.berjaya.com.my
72,BERJAYA CORPORATION BERHAD,http://www.berjaya.com.my
73,BERJAYA FOOD BERHAD,http://www.berjaya.com
74,BERJAYA LAND BERHAD,http://www.berjaya.com.my
75,BERJAYA MEDIA BERHAD,http://www.berjaya.com.my
76,BERJAYA SPORTS TOTO BERHAD,http://www.berjaya.com.my
77,BERMAZ AUTO BERHAD [S],http://www.bauto.com.my
78,BERTAM ALLIANCE BERHAD,http://www.bertamalliance.com
79,BIMB HOLDINGS BERHAD [S],http://www.bimbholdings.com
80,BINA DARULAMAN BERHAD [S],http://www.bdb.com.my/
81,BINA PURI HOLDINGS BHD [S],http://www.binapuri.com.my
82,BINTAI KINDEN CORPORATION BERHAD [S],http://www.bintai.com.my
83,BINTULU PORT HOLDINGS BERHAD [S],http://www.bintuluport.com.my/
84,BLD PLANTATION BHD. [S],http://www.bld.com.my
85,BOILERMECH HOLDINGS BERHAD [S],http://www.boilermech.com
86,BONIA CORPORATION BERHAD [S],http://www.bonia.com
87,BORNEO OIL BERHAD [S],http://www.borneo-oil.com.my
88,BOUSTEAD HEAVY INDUSTRIES CORPORATION BHD [S],http://www.bhic.com.my
89,BOUSTEAD HOLDINGS BERHAD [S],http://www.boustead.com.my/
90,BOUSTEAD PLANTATIONS BERHAD [S],http://www.bousteadplantations.com.my
91,BOX-PAK (MALAYSIA) BERHAD,http://www.boxpak.com.my
92,BP PLASTICS HOLDING BHD [S],http://www.bpplas.com
93,BRAHIM'S HOLDINGS BERHAD [S],http://www.tamadam.com
94,BREM HOLDING BERHAD,http://www.bremholding.com
95,BRIGHT PACKAGING INDUSTRY BERHAD,http://www.brightpack.net/
96,BRITISH AMERICAN TOBACCO (MALAYSIA) BERHAD,http://www.batmalaysia.com
97,BSL CORPORATION BERHAD [S],http://www.bslcorp.com.my
98,BTM RESOURCES BERHAD [S],http://www.btmresorces.com.my
99,BUMI ARMADA BERHAD,http://www.bumiarmada.com
100,BURSA MALAYSIA BERHAD [S],http://www.bursamalaysia.com
101,C.I. HOLDINGS BERHAD,http://www.cih.com.my
102,CAB CAKARAN CORPORATION BERHAD [S],http://www.cab.com.my
103,CAELY HOLDINGS BHD [S],http://www.caelyholdings.com
104,CAHYA MATA SARAWAK BERHAD [S],http://www.cmsb.com.my/
105,CAM RESOURCES BERHAD [S],http://www.camres.com.my
106,CAN-ONE BERHAD [S],http://www.canone.com.my
107,CAPITALAND MALAYSIA MALL TRUST,http://www.capitamallsmalaysia.com
108,CARIMIN PETROLEUM BERHAD [S],http://www.carimin.com/
109,CARLSBERG BREWERY MALAYSIA BERHAD,http://www.carlsbergmalaysia.com.my
110,CB INDUSTRIAL PRODUCT HOLDING BERHAD [S],http://www.cbip.com.my
111,CCK CONSOLIDATED HOLDINGS BERHAD [S],http://www.cck.com.my/
112,CENSOF HOLDINGS BERHAD [S],http://www.censof.com
113,CENTRAL GLOBAL BERHAD [S],http://www.cicb.com.my
114,CEPATWAWASAN GROUP BERHAD [S],http://www.cepatgroup.com
115,CHEETAH HOLDINGS BERHAD [S],http://www.cheetah.com.my
116,CHEMICAL COMPANY OF MALAYSIA BERHAD [S],http://www.ccmberhad.com
117,CHIN HIN GROUP BERHAD [S],http://www.chinhingroup.com/
118,CHIN HIN GROUP PROPERTY BERHAD [S],http://www.boonkoon.com
119,CHIN TECK PLANTATIONS BERHAD,http://www.chinteck.com.my
120,CHIN WELL HOLDINGS BERHAD [S],http://www.chinwell.com.my
121,CHINA AUTOMOBILE PARTS HOLDINGS LIMITED,http://www.china-autoparts.biz
122,CHINA OUHUA WINERY HOLDINGS LIMITED,http://www.ohuawine.com.my
123,CHOO BEE METAL INDUSTRIES BHD [S],http://www.choobee.com.my
124,CHUAN HUAT RESOURCES BHD [S],http://www.chuanhuat.com.my
125,CIMB GROUP HOLDINGS BERHAD,http://www.cimb.com/
126,CJ CENTURY LOGISTICS HOLDINGS BERHAD [S],http://www.century.com.my
127,CLASSIC SCENIC BERHAD [S],http://www.classicscenic.com
128,CME GROUP BERHAD [S],http://www.cme.com.my
129,CN ASIA CORPORATION BHD,http://www.cnasia.com
130,CNI HOLDINGS BERHAD [S],http://www.cniholdings.com.my
131,COASTAL CONTRACTS BHD,http://www.coastalcontracts.com
132,COCOALAND HOLDINGS BERHAD [S],http://www.cocoaland.com
133,COMFORT GLOVES BERHAD [S],https://www.comfort-rubber.com.my/
134,COMINTEL CORPORATION BHD,http://www.comcorp.com.my
135,COMPLETE LOGISTIC SERVICES BERHAD [S],http://www.complete-group.com
136,COMPUGATES HOLDINGS BERHAD [S],http://www.compugates.com
137,COMPUTER FORMS (MALAYSIA) BERHAD [S],http://www.cfm.com.my
138,CONCRETE ENGINEERING PRODUCTS BERHAD [S],http://www.cepco.com.my
139,COUNTRY HEIGHTS HOLDINGS BHD [S],http://www.countryheights.com.my
140,COUNTRY VIEW BERHAD [S],http://www.countryview.com.my
141,CRESCENDO CORPORATION BERHAD [S],http://www.crescendo.com.my/
142,CREST BUILDER HOLDINGS BERHAD [S],http://www.crestbuilder.com.my
143,CSC STEEL HOLDINGS BERHAD [S],http://www.cscmalaysia.com
144,CUSCAPI BERHAD,http://www.cuscapi.com
145,CWG HOLDINGS BERHAD [S],http://www.cwgholdings.com.my
146,CYCLE & CARRIAGE BINTANG BERHAD,http://www.cyclecarriage.com.my/
147,CYL CORPORATION BERHAD [S],http://www.cylcorporation.com
148,CYMAO HOLDINGS BERHAD [S],http://www.cymao.com/
149,CYPARK RESOURCES BERHAD [S],http://www.crbenv.com
150,D&O GREEN TECHNOLOGIES BERHAD [S],http://www.do.com.my
151,D.B.E. GURNEY RESOURCES BERHAD [S],http://www.dbegurney.com
152,DAGANG NEXCHANGE BERHAD [S],http://www.dnex.com.my
153,DAIBOCHI BERHAD [S],http://www.daibochiplastic.com/
154,DAMANSARA REALTY BHD [S],http://www.dbhd.com.my/
155,DANCOMECH HOLDINGS BERHAD [S],http://www.dancomech.com.my
156,DATAPREP HOLDINGS BHD [S],http://www.dp.com.my
157,DATASONIC GROUP BERHAD [S],http://datasonic.com.my
158,DAYA MATERIALS BERHAD,http://www.dayagroup.com.my
159,DAYANG ENTERPRISE HOLDINGS BERHAD [S],http://www.desb.net
160,DEGEM BERHAD [S],http://www.degembhd.com
161,DELEUM BERHAD [S],http://www.deleum.com
162,DESTINI BERHAD [S],http://www.destinigroup.com
163,DIALOG GROUP BERHAD [S],http://www.dialogasia.com
164,DIGI.COM BERHAD [S],http://www.digi.com.my
165,DIGISTAR CORPORATION BERHAD,http://www.digistar.com.my
166,DKLS INDUSTRIES BHD [S],http://www.dkls.com.my
167,DKSH HOLDINGS (MALAYSIA) BERHAD [S],http://www.dksh.com.my
168,D'NONCE TECHNOLOGY BHD [S],http://www.dnoncetech.com
169,DOLOMITE CORPORATION BERHAD,http://www.dolomite.com.my
170,DOLPHIN INTERNATIONAL BERHAD [S],http://dolphinbhd.com/
171,DOMINANT ENTERPRISE BERHAD [S],http://www.dominant.com.my
172,DPS RESOURCES BERHAD [S],http://www.shantawood.com.my/
173,DRB-HICOM BERHAD [S],http://www.drb-hicom.com
174,DUFU TECHNOLOGY CORP. BERHAD [S],http://www.dufu.com.my
175,DUOPHARMA BIOTECH BERHAD [S],https://www.duopharmabiotech.com
176,DUTALAND BERHAD,http://www.dutaland.com.my/
177,DUTCH LADY MILK INDUSTRIES BERHAD [S],http://www.dutchlady.com.my
178,DWL RESOURCES BERHAD [S],http://www.asian-pottery.com/
179,DYNACIATE GROUP BERHAD,https://www.dynaciategroup.com.my/
180,E.A.TECHNIQUE (M) BERHAD [S],http://www.eatechnique.com.my
181,EASTERN & ORIENTAL BERHAD [S],http://www.easternandoriental.com
182,EASTLAND EQUITY BHD [S],http://www.eeb.com.my
183,ECM LIBRA FINANCIAL GROUP BERHAD,http://www.ecmlibra.com
184,ECO WORLD DEVELOPMENT GROUP BERHAD [S],http://www.ecoworld.my
185,ECO WORLD INTERNATIONAL BERHAD,http://ecoworldinternational.com/
186,ECOBUILT HOLDINGS BERHAD [S],http://www.mmode.com.my
187,ECOFIRST CONSOLIDATED BHD [S],http://www.ecofirst.com.my
188,ECONPILE HOLDINGS BERHAD [S],http://www.econpile.com
189,EDARAN BERHAD [S],http://www.edaran.com
190,EDEN INC. BERHAD,http://www.edenzil.com
191,EFFICIENT E-SOLUTIONS BERHAD,http://www.efficient.com.my
192,EG INDUSTRIES BERHAD [S],http://www.eg.com.my
193,EITA RESOURCES BERHAD [S],http://www.eita.com.my
194,EKA NOODLES BERHAD [S],http://www.krb.com.my
195,EKOVEST BERHAD [S],http://www.ekovest.com.my/
196,EKSONS CORPORATION BERHAD,http://www.eksons.com.my
197,ELK-DESA RESOURCES BERHAD,http://www.elk-desa.com.my
198,ELSOFT RESEARCH BERHAD [S],http://www.elsoftresearch.com
199,EMICO HOLDINGS BERHAD [S],http://www.emico.com.my
200,ENCORP BERHAD,http://www.encorp.com.my/
201,ENG KAH CORPORATION BERHAD [S],http://www.eng-kah.com
202,ENGTEX GROUP BERHAD [S],http://www.engtex.com.my
203,ENRA GROUP BERHAD [S],http://www.enra.my
204,EONMETALL GROUP BERHAD [S],http://www.eonmetall.com
205,EP MANUFACTURING BHD [S],http://www.epmb.com.my
206,ESTHETICS INTERNATIONAL GROUP BERHAD [S],http://www.estheticsgroup.com
207,EUPE CORPORATION BERHAD [S],http://www.eupe.com.my
208,EURO HOLDINGS BERHAD [S],http://www.eurochairs.com
209,EUROSPAN HOLDINGS BERHAD [S],http://www.eurospan.com.my
210,EVERGREEN FIBREBOARD BERHAD [S],http://www.evergreengroup.com.my
211,EVERSENDAI CORPORATION BERHAD [S],http://www.eversendai.com
212,EWEIN BERHAD [S],http://www.eweinberhad.com/
213,EXCEL FORCE MSC BERHAD [S],http://www.excelforce.com.my
214,FACB INDUSTRIES INCORPORATED BERHAD,http://www.facbi.com
215,FAJARBARU BUILDER GROUP BHD [S],http://fajarbaru.com.my/
216,FAR EAST HOLDINGS BERHAD [S],http://www.fehb.com.my/
217,FARLIM GROUP (MALAYSIA) BHD,http://www.farlim.com.my
218,FAVELLE FAVCO BERHAD [S],http://www.favellefavco.com
219,FCW HOLDINGS BERHAD,http://www.fcw.com.my
220,FEDERAL INTERNATIONAL HOLDINGS BERHAD [S],http://www.ffhb.com.my
221,FGV HOLDINGS BERHAD [S],http://www.feldaglobal.com/
222,FIAMMA HOLDINGS BERHAD [S],http://www.fiamma.com.my
223,FIBON BERHAD,http://www.fibon.com.my/
224,FIMA CORPORATION BERHAD [S],http://www.fimacorp.com
225,FITTERS DIVERSIFIED BERHAD [S],http://www.fittersgroup.com
226,FOCUS LUMBER BERHAD [S],http://www.focuslumber.com.my
227,FORMOSA PROSONIC INDUSTRIES BERHAD [S],http://www.fp-group.com
228,FOUNDPAC GROUP BERHAD [S],http://www.foundpac.com/
229,FRASER & NEAVE HOLDINGS BHD [S],http://www.fn.com.my
230,FREIGHT MANAGEMENT HOLDINGS BERHAD [S],http://www.fp-group.com/prosonic/
231,FRONTKEN CORPORATION BERHAD [S],http://www.frontken.com
232,FSBM HOLDINGS BERHAD,http://www.fsbm.com.my/
233,G3 GLOBAL BERHAD,http://www.g3global.com.my
234,GABUNGAN AQRS BERHAD [S],http://www.gbg.com.my/
235,GADANG HOLDINGS BHD [S],http://www.gadang.com.my
236,GAMUDA BERHAD [S],http://www.gamuda.com.my
237,GAS MALAYSIA BERHAD [S],http://www.gasmalaysia.com
238,GD EXPRESS CARRIER BERHAD [S],http://www.gdexpress.com
239,GDB HOLDINGS BERHAD [S],https://www.gdbhb.com.my/
240,GE-SHEN CORPORATION BERHAD [S],http://www.gscorp.com.my/
241,GENTING BERHAD,http://www.genting.com
242,GENTING MALAYSIA BERHAD,http://www.gentingmalaysia.com
243,GENTING PLANTATIONS BERHAD [S],http://www.gentingplantations.com
244,GEORGE KENT (MALAYSIA) BERHAD [S],http://www.georgekent.net
245,GETS GLOBAL BERHAD [S],http://www.kbes.com.my
246,GHL SYSTEMS BERHAD [S],http://www.ghl.com
247,GLOBAL ORIENTAL BERHAD [S],http://www.gob.com.my
248,GLOBALTEC FORMATION BERHAD [S],http://www.globaltec.com.my
249,GLOBETRONICS TECHNOLOGY BERHAD [S],http://www.globetronics.com.my
250,GLOMAC BERHAD [S],http://www.glomac.com.my
251,GOLDEN LAND BERHAD,http://www.glbhd.com
252,GOLDEN PHAROS BERHAD [S],http://www.goldenpharos.com
253,GOODWAY INTEGRATED INDUSTRIES BERHAD [S],http://www.giibworld.com/
254,GOPENG BERHAD [S],http://www.gopeng.com.my/
255,GPA HOLDINGS BERHAD,http://www.gp-products.com
256,GRAND CENTRAL ENTERPRISES BHD,http://www.gcebhd.com.my
257,GRAND HOOVER BERHAD [S],http://www.hoover.com.my
258,GRAND-FLO BERHAD [S],http://www.grand-flo.com
259,GREEN PACKET BERHAD,http://www.greenpacket.com
260,GREENYIELD BERHAD [S],http://www.greenyield.com.my
261,GROMUTUAL BERHAD [S],http://www.gromutual.com
262,GUAN CHONG BERHAD [S],http://www.guanchong.com.my
263,GUH HOLDINGS BERHAD [S],http://www.guh.com.my
264,GUNUNG CAPITAL BERHAD [S],http://www.gunung.com.my
265,GUOCOLAND (MALAYSIA) BERHAD,http://www.guocoland.com.my
266,HAI-O ENTERPRISE BERHAD,http://www.hai-o.com.my
267,HANDAL ENERGY BERHAD [S],http://www.handalresources.com.my
268,HAP SENG CONSOLIDATED BERHAD,http://www.hapseng.com.my
269,HAP SENG PLANTATIONS HOLDINGS BERHAD [S],http://www.hapsengplantations.com.my
270,HARBOUR-LINK GROUP BERHAD [S],http://www.harbour.com.my
271,HARN LEN CORPORATION BHD [S],http://harnlen.com.my/
272,HARRISONS HOLDINGS (MALAYSIA) BERHAD,http://www.harrisons.com.my
273,HARTALEGA HOLDINGS BERHAD [S],http://www.hartalega.com.my/
274,HB GLOBAL LIMITED,https://www.hbglobal.asia/
275,HCK CAPITAL GROUP BERHAD,http://www.hckcapital.com
276,HEINEKEN MALAYSIA BERHAD,http://www.gab.com.my
277,HEITECH PADU BERHAD [S],http://www.heitech.com.my/v2/
278,HEKTAR REAL ESTATE INVESTMENT TRUST,http://www.HektarREIT.com
279,HENGYUAN REFINING COMPANY BERHAD [S],http://www.hrc.com.my/
280,HEVEABOARD BERHAD [S],http://www.heveaboard.com.my
281,HEXTAR GLOBAL BERHAD [S],http://www.halex-group.com
282,HEXZA CORPORATION BERHAD,http://www.hexza.com.my
283,HIAP TECK VENTURE BERHAD [S],http://www.htgrp.com.my
284,HIBISCUS PETROLEUM BERHAD [S],http://www.hibiscuspetroleum.com
285,HIL INDUSTRIES BERHAD [S],http://www.hil.com.my
286,HO HUP CONSTRUCTION COMPANY BHD [S],http://www.hohupgroup.com.my/
287,HO WAH GENTING BERHAD [S],http://www.hwgenting.com.my
288,HOCK HENG STONE INDUSTRIES BHD [S],http://www.hockheng.com.my
289,HOCK SENG LEE BERHAD [S],http://www.hsl.com.my
290,HOMERITZ CORPORATION BERHAD [S],http://www.homeritzcorp.com
291,HONG LEONG BANK BERHAD,http://www.hlb.com.my
292,HONG LEONG CAPITAL BERHAD,http://www.hlgcap.com.my
293,HONG LEONG FINANCIAL GROUP BERHAD,http://www.hlfg.com.my
294,HONG LEONG INDUSTRIES BERHAD [S],http://www.hli.com.my
295,HPMT HOLDINGS BERHAD [S],https://www.hpmt-industries.com/
296,HSS ENGINEERS BERHAD [S],http://www.hssgroup.com.my/
297,HUA YANG BERHAD [S],http://www.huayang.com.my
298,HUBLINE BERHAD [S],http://www.hubline.com
299,HUME INDUSTRIES BERHAD,http://www.humeind.com/
300,HUP SENG INDUSTRIES BERHAD [S],http://www.hsib.com.my/
301,HWA TAI INDUSTRIES BERHAD [S],http://www.hwatai.com
302,I-BERHAD [S],http://www.i-bhd.com
303,IBRACO BERHAD [S],http://www.ibraco.com
304,ICAPITAL.BIZ BERHAD,http://www.icapital.my
305,ICON OFFSHORE BERHAD [S],http://www.iconoffshore.com.my
306,ICONIC WORLDWIDE BERHAD [S],http://www.sanbumi.com.my
307,IDEAL UNITED BINTANG INTERNATIONAL BERHAD [S],http://www.idealubb.cc/
308,IGB BERHAD,http://www.igbbhd.com/
309,IGB REAL ESTATE INVESTMENT TRUST,http://www.igbreit.com/
310,IHH HEALTHCARE BERHAD [S],http://www.ihhhealthcare.com/
311,IJM CORPORATION BERHAD [S],http://www.ijm.com/
312,IJM PLANTATIONS BERHAD,http://www.ijm.com/
313,IKHMAS JAYA GROUP BERHAD [S],http://www.ikhmasjaya.com/
314,IMASPRO CORPORATION BERHAD [S],http://www.imaspro.com/
315,IMPIANA HOTELS BERHAD [S],http://www.impianaberhad.com/
316,INARI AMERTRON BERHAD [S],http://www.inari-amertron.com
317,INCH KENNETH KAJANG RUBBER PUBLIC LTD CO [S],http://www.ikkr.com.my
318,INDUSTRONICS BERHAD [S],http://www.industronics.com.my
319,INNATURE BERHAD [S],https://innature.com.my/
320,INNOPRISE PLANTATIONS BERHAD [S],http://innoprise.com.my/
321,INSAS BERHAD,http://www.insas.net
322,INTA BINA GROUP BERHAD [S],http://intabina.com/
323,INTEGRATED LOGISTICS BHD,http://www.ilb.com.my
324,IOI CORPORATION BERHAD [S],http://www.ioigroup.com
325,IOI PROPERTIES GROUP BERHAD [S],http://www.ioipropertiesgroup.com
326,IPMUDA BERHAD [S],http://www.ipmuda.com.my
327,IQ GROUP HOLDINGS BERHAD [S],http://www.iq-group.com
328,IRE-TEX CORPORATION BERHAD [S],http://www.iretex.com.my/
329,IREKA CORPORATION BERHAD [S],http://www.ireka.com.my
330,ISKANDAR WATERFRONT CITY BERHAD [S],http://www.tebrauteguh.com.my
331,IVORY PROPERTIES GROUP BERHAD [S],http://www.ivory.com.my
332,JADE MARVEL GROUP BERHAD [S],http://www.jmr.com.my
333,JADI IMAGING HOLDINGS BERHAD [S],http://www.jadi.com.my
334,JAKS RESOURCES BERHAD [S],http://www.jaks.com.my
335,JASA KITA BERHAD,http://www.jasakita.com.my
336,JAYA TIASA HOLDINGS BHD [S],http://www.jayatiasa.net
337,JAYCORP BERHAD [S],http://www.jaycorp.com.my
338,JCBNEXT BERHAD,http://jcbnext.com/
339,JCY INTERNATIONAL BERHAD [S],http://www.jcyinternational.com
340,JERASIA CAPITAL BERHAD,http://www.jerasia.biz
341,JIANKUN INTERNATIONAL BERHAD [S],http://www.jki.com.my/
342,JKG LAND BERHAD [S],http://www.keladimaju.com
343,JOHAN HOLDINGS BERHAD,http://www.johanholdings.com
344,JOHORE TIN BERHAD [S],http://www.johoretin.com.my/
345,K-STAR SPORTS LIMITED,http://www.kstarsports.com
346,K.SENG SENG CORPORATION BERHAD [S],http://www.kssc.com.my
347,KAMDAR GROUP (M) BERHAD [S],http://www.kamdar.com.my
348,KAREX BERHAD,http://www.karex.com.my
349,KARYON INDUSTRIES BERHAD [S],http://www.karyongroup.com.my
350,KAWAN FOOD BERHAD [S],http://www.kawanfood.com/
351,KECK SENG (MALAYSIA) BERHAD,http://www.my.keckseng.com
352,KEIN HING INTERNATIONAL BERHAD [S],http://www.keinhing.com
353,KELINGTON GROUP BERHAD [S],http://www.kelington-group.com/
354,KEN HOLDINGS BERHAD [S],http://www.kenholdings.com.my
355,KENANGA INVESTMENT BANK BERHAD,http://www.kenanga.com.my
356,KERJAYA PROSPEK GROUP BERHAD [S],http://www.fututech.com.my
357,GSB GROUP BERHAD [S],http://www.gsbsummit.com
358,KESM INDUSTRIES BERHAD [S],http://www.kesmi.com
359,KEY ASIC BERHAD [S],http://www.keyasic.com
360,KHEE SAN BERHAD [S],http://www.kheesan.com.my/
361,KHIND HOLDINGS BERHAD [S],http://www.khind.com
362,KIA LIM BERHAD [S],http://www.kialim.com.my
363,KIM HIN INDUSTRY BERHAD [S],http://www.kimhin.com.my
364,KIM LOONG RESOURCES BERHAD [S],http://www.kimloong.com.my/
365,KIMLUN CORPORATION BERHAD [S],http://www.kimlun.com
366,KINSTEEL BHD,http://www.kinsteel.com.my
367,KIP REAL ESTATE INVESTMENT TRUST,http://www.kipreit.com.my/
368,KKB ENGINEERING BERHAD [S],http://www.kkbeb.com.my/
369,KLCC REAL ESTATE INVESTMENT TRUST [S],http://www.klcc.com.my
370,KLUANG RUBBER COMPANY (MALAYA) BERHAD,http://www.kluangrubber.com
371,KNM GROUP BERHAD,http://www.knm-group.com
372,KNUSFORD BERHAD [S],http://www.knusford.com.my
373,KOBAY TECHNOLOGY BERHAD [S],http://www.kobaytech.com
374,KOMARKCORP BERHAD [S],http://www.komark.com.my
375,KONSORTIUM TRANSNASIONAL BERHAD [S],http://www.ktb.com.my
376,KOSSAN RUBBER INDUSTRIES BERHAD [S],http://www.kossan.com/
377,KOTRA INDUSTRIES BERHAD [S],http://www.kotrapharma.com
378,KPJ HEALTHCARE BERHAD [S],http://www.kpjhealth.com.my
379,KPS CONSORTIUM BERHAD [S],http://www.kpscb.com.my
380,KRETAM HOLDINGS BERHAD [S],http://www.kretam.com
381,KSL HOLDINGS BERHAD [S],http://www.ksl.net.my/
382,KUALA LUMPUR KEPONG BERHAD [S],http://www.klk.com.my
383,KUB MALAYSIA BERHAD [S],http://www.kub.com.my/
384,KUCHAI DEVELOPMENT BERHAD,http://www.kuchaidevelopment.com
385,KUMPULAN FIMA BERHAD [S],http://www.fima.com.my/
386,KUMPULAN H & L HIGH-TECH BERHAD [S],http://www.hlhightech.com
387,KUMPULAN JETSON BERHAD [S],http://www.jetson.com.my
388,KUMPULAN PERANGSANG SELANGOR BERHAD [S],http://www.kps.com.my/
389,KUMPULAN POWERNET BERHAD [S],http://www.powernet.com.my
390,KWANTAS CORPORATION BERHAD [S],http://www.kwantas.com.my
391,KYM HOLDINGS BERHAD [S],http://www.kym.com.my
392,LAND & GENERAL BERHAD [S],http://www.land-general.com
393,LANDMARKS BERHAD,http://www.landmarks.com.my
394,LATITUDE TREE HOLDINGS BERHAD [S],http://www.lattree.com
395,LAY HONG BERHAD [S],http://www.layhong.com.my
396,LB ALUMINIUM BERHAD [S],http://www.lbalum.com
397,LBI CAPITAL BERHAD,http://www.lbi-capital.com.my
398,LBS BINA GROUP BERHAD [S],http://www.lbs.com.my
399,LEADER STEEL HOLDINGS BERHAD,http://www.leadersteel.my/
400,LEBTECH BERHAD [S],http://www.lebtech.com.my/annual.htm
401,LEE SWEE KIAT GROUP BERHAD [S],http://www.lsk.com.my
402,LEON FUAT BERHAD,http://www.leonfuat.com.my
403,LEONG HUP INTERNATIONAL BERHAD,https://www.leonghupinternational.com/
404,LEWEKO RESOURCES BERHAD [S],https://www.leweko.com/
405,LFE CORPORATION BERHAD [S],http://www.lfe.com.my
406,LIEN HOE CORPORATION BERHAD,http://www.lienhoe.com.my
407,LII HEN INDUSTRIES BHD. [S],http://www.liihenfurniture.com/
408,LINGKARAN TRANS KOTA HOLDINGS BERHAD [S],http://www.litrak.com.my
409,LION INDUSTRIES CORPORATION BERHAD [S],http://www.lion.com.my/lionind
410,LION FOREST INDUSTRIES BERHAD [S],http://www.lion.com.my/lionfib
411,LONDON BISCUITS BERHAD,http://www.londonbiscuits.com.my
412,LOTTE CHEMICAL TITAN HOLDING BERHAD [S],http://www.lottechem.my/
413,LOTUS KFM BERHAD [S],http://www.kfmb.com.my
414,LPI CAPITAL BHD,http://www.lonpac.com
415,LTKM BERHAD [S],http://www.ltkm.com.my
416,LUSTER INDUSTRIES BHD.,http://www.lustergroup.com
417,LUXCHEM CORPORATION BERHAD [S],http://www.luxchem.com.my
418,LYSAGHT GALVANIZED STEEL BERHAD,http://lysaghtgalvanizedsteelbhd.com/
419,MAA GROUP BERHAD,https://www.maa.my
420,MAGNA PRIMA BERHAD [S],http://www.magnaprima.com.my/
421,MAGNI-TECH INDUSTRIES BERHAD [S],http://www.magni-tech.com.my
422,MAGNUM BERHAD,http://www.magnum.com.my
423,MAH SING GROUP BERHAD [S],http://www.mahsing.com.my
424,MAJUPERAK HOLDINGS BERHAD,http://www.majuperak.com.my/
425,MALAKOFF CORPORATION BERHAD [S],http://www.malakoff.com.my/
426,MALAYAN BANKING BERHAD,http://www.maybank.com
427,MALAYAN CEMENT BERHAD [S],http://ytlcement.my/
428,MALAYAN FLOUR MILLS BERHAD,http://www.mfm.com.my
429,MALAYAN UNITED INDUSTRIES BERHAD,http://www.muiglobal.com
430,MALAYSIA AIRPORTS HOLDINGS BERHAD,http://www.malaysiaairports.com.my
431,MALAYSIA BUILDING SOCIETY BERHAD,http://www.mbsb.com.my
432,MALAYSIA MARINE AND HEAVY ENGINEERING HOLDINGS BERHAD [S],http://www.mhb.com.my
433,MALAYSIA PACIFIC CORPORATION BERHAD,http://www.mpcb.com.my/
434,MALAYSIA SMELTING CORPORATION BERHAD [S],http://www.msmelt.com
435,MALAYSIA STEEL WORKS (KL) BHD [S],http://www.masteel.com.my
436,MALAYSIAN BULK CARRIERS BERHAD,http://www.maybulk.com.my
437,MALAYSIAN PACIFIC INDUSTRIES BERHAD [S],http://www.mpind.my
438,MALAYSIAN RESOURCES CORPORATION BERHAD [S],http://www.mrcb.com.my/main/index.php
439,MALPAC HOLDINGS BERHAD,http://www.malpac.com.my
440,MALTON BERHAD [S],http://www.malton.com.my/
441,MANULIFE HOLDINGS BERHAD,http://www.manulife.com.my
442,MARCO HOLDINGS BERHAD,http://www.marcoholdings.com.my
443,MARINE & GENERAL BERHAD,http://marine-general.com.my/
444,MASTER-PACK GROUP BERHAD [S],http://www.master.net.my/
445,MATRIX CONCEPTS HOLDINGS BERHAD [S],http://www.mchb.com.my
446,MAXIS BERHAD [S],http://www.maxis.com.my/main.asp
447,MB WORLD GROUP BERHAD [S],http://www.mbworld.com.my/
448,MBM RESOURCES BHD [S],http://www.mbmr.com.my
449,MCE HOLDINGS BERHAD [S],http://www.multicode.com.my
450,MCT BERHAD [S],http://www.mct.com.my/
451,MEDIA CHINESE INTERNATIONAL LIMITED [S],http://www.mediachinesegroup.com
452,MEDIA PRIMA BERHAD,http://www.mediaprima.com.my
453,MEGA FIRST CORPORATION BERHAD [S],http://www.mega-first.com
454,MELATI EHSAN HOLDINGS BERHAD [S],http://www.melatiehsan.com.my
455,MELEWAR INDUSTRIAL GROUP BERHAD [S],http://www.melewar-mig.com
456,MENANG CORPORATION (M) BERHAD [S],http://www.menangcorporation.com
457,MENTIGA CORPORATION BERHAD [S],http://www.mentiga.com.my/
458,MERCURY INDUSTRIES BERHAD [S],http://www.mercury.com.my
459,MERIDIAN BERHAD [S],http://www.meda.com.my
460,MESB BERHAD [S],http://www.mesbbhd.com.my
461,MESINIAGA BERHAD [S],http://www.mesiniaga.com.my
462,METROD HOLDINGS BERHAD,http://www.metrod.com/
463,METRONIC GLOBAL BERHAD [S],http://www.metronic-group.com
464,MGB BERHAD [S],http://www.mgbgroup.com.my/
465,MHC PLANTATIONS BHD [S],http://www.mhc.com.my
466,MI TECHNOVATION BERHAD [S],https://www.mi-eq.com/
467,MIECO CHIPBOARD BERHAD [S],http://www.mieco.com.my
468,MILUX CORPORATION BERHAD [S],http://www.milux.com.my
469,MINDA GLOBAL BERHAD [S],http://www.mindaglobal.com.my
470,MINETECH RESOURCES BERHAD [S],http://www.minetech.com.my
471,MINHO (M) BERHAD [S],http://www.minhobhd.com
472,MINTYE BERHAD [S],http://www.mintye.com
473,MISC BERHAD [S],http://www.misc.com.my/
474,MITRAJAYA HOLDINGS BERHAD [S],http://www.mitrajaya.com.my
475,MK LAND HOLDINGS BERHAD [S],http://www.mkland.com.my/corporate/
476,MKH BERHAD [S],http://www.mkhberhad.com
477,MMC CORPORATION BERHAD [S],http://www.mmc.com.my
478,MMS VENTURES BERHAD [S],http://www.mmsv.com.my
479,MNRB HOLDINGS BERHAD,http://www.mnrb.com.my
480,MPHB Capital Berhad,http://www.mphbcap.com.my
481,QUILL CAPITA TRUST,http://www.qct.com.my/
482,MSCM HOLDINGS BERHAD [S],http://www.panpages.com
483,MSM MALAYSIA HOLDINGS BERHAD [S],http://www.msmholdings.com
484,MTD ACPI ENGINEERING BERHAD [S],http://www.mtdgrp.com
485,MUAR BAN LEE GROUP BERHAD [S],http://www.mbl.com/
486,MUDA HOLDINGS BERHAD [S],http://www.muda.com.my
487,MUDAJAYA GROUP BERHAD,http://www.mudajaya.com
488,MUHIBBAH ENGINEERING (M) BHD [S],http://www.muhibbah.com
489,MUI PROPERTIES BERHAD [S],http://www.muiproperties.com.my
490,MULPHA INTERNATIONAL BERHAD,http://www.mulpha.com.my
491,MULTI-USAGE HOLDINGS BERHAD [S],http://www.muh.com.my
492,MY E.G. SERVICES BERHAD [S],http://www.myeg.com.my
493,MYCRON STEEL BERHAD [S],http://www.mycronsteel.com
494,MYNEWS HOLDINGS BERHAD,http://www.bisonconsolidated.com/home/
495,NAIM HOLDINGS BERHAD [S],https://www.naim.com.my
496,NATIONWIDE EXPRESS HOLDINGS BERHAD [S],http://www.nationwide2u.com
497,NEGRI SEMBILAN OIL PALMS BERHAD,http://www.nsop.com.my
498,NESTLE (MALAYSIA) BERHAD [S],http://www.nestle.com.my/
499,NEW HOONG FATT HOLDINGS BERHAD [S],http://www.newhoongfatt.com.my
500,NEXTGREEN GLOBAL BERHAD [S],http://www.bhs.listedcompany.com
501,NI HSIN RESOURCES BERHAD [S],http://www.ni-hsin.com
502,NICHE CAPITAL EMAS HOLDINGS BERHAD [S],http://www.yikon.com.my/
503,NOTION VTEC BERHAD [S],http://www.notionvtec.com
504,NPC RESOURCES BERHAD [S],http://www.npc.com.my
505,NTPM HOLDINGS BERHAD [S],http://www.ntpm.com.my
506,NWP HOLDINGS BERHAD [S],http://www.nwp.com.my/
507,NYLEX (MALAYSIA) BERHAD [S],http://www.nylex.com
508,OCB BERHAD [S],http://www.ocbb.com.my
509,OCEANCASH PACIFIC BERHAD [S],http://www.oceancash.com.my/
510,OCK GROUP BERHAD,http://www.ock.com.my
511,OCR GROUP BERHAD [S],http://www.ocrbhd.com/
512,OKA CORPORATION BHD [S],http://www.oka.com.my/
513,OLYMPIA INDUSTRIES BERHAD,http://www.oib.com.my
514,OMESTI BERHAD [S],http://www.omesti.com
515,ONLY WORLD GROUP HOLDINGS BERHAD,http://www.owg.com.my/
516,ORIENTAL FOOD INDUSTRIES HOLDINGS BERHAD [S],http://www.ofih.com.my
517,ORIENTAL HOLDINGS BERHAD,http://www.ohb.com.my
518,ORIENTAL INTEREST BERHAD [S],http://www.oibgroup.com
519,ORNAPAPER BERHAD [S],http://www.ornapaper.com
520,OSK HOLDINGS BERHAD,http://www.oskgroup.com/
521,P.A. RESOURCES BERHAD [S],http://www.pagroup.com.my
522,P.I.E. INDUSTRIAL BERHAD [S],http://www.pieib.com.my
523,PACIFIC & ORIENT BERHAD,http://www.pacific-orient.com
524,PADINI HOLDINGS BERHAD [S],http://corporate.padini.com/
525,PAN MALAYSIA CORPORATION BERHAD [S],http://www.pmcorporation.com.my
526,PAN MALAYSIA HOLDINGS BERHAD [S],http://www.pmholdings.com.my
527,PANASONIC MANUFACTURING MALAYSIA BERHAD,http://pmma.panasonic.com.my
528,PANSAR BERHAD [S],http://www.pansar.com.my
529,PANTECH GROUP HOLDINGS BERHAD [S],http://www.pantech-group.com
530,PAOS HOLDINGS BERHAD [S],http://www.paos.com.my
531,PARAGON GLOBE BERHAD [S],http://www.gbhgroup.com.my
532,PARAGON UNION BERHAD [S],http://www.paragon.com.my
533,PARAMOUNT CORPORATION BERHAD [S],https://www.pcb.my
534,PARKSON HOLDINGS BERHAD [S],http://www.lion.com.my/parkson
535,PASDEC HOLDINGS BERHAD [S],http://www.pasdec.com.my
536,PAVILION REAL ESTATE INV TRUST,http://www.pavilion-reit.com
537,PBA HOLDINGS BHD [S],http://www.pbahb.com.my
538,PCCS GROUP BERHAD [S],http://www.pccsgroup.net
539,PDZ HOLDINGS BHD [S],http://www.pdzlines.com
540,PECCA GROUP BERHAD [S],https://www.peccaleather.com/
541,PEGASUS HEIGHTS BERHAD [S],http://www.pegasusheights.com/
542,PELANGI PUBLISHING GROUP BHD. [S],http://www.pelangipublishing.com
543,PELIKAN INTERNATIONAL CORPORATION BERHAD [S],http://www.pelikan.com/
544,PENSONIC HOLDINGS BERHAD,http://www.pensonic.com/
545,PENTAMASTER CORPORATION BERHAD,http://www.pentamaster.com
546,PERAK CORPORATION BERHAD,http://www.perakcorp.com.my/
547,PERAK TRANSIT BERHAD [S],http://www.peraktransit.com.my
548,PERDANA PETROLEUM BERHAD [S],http://www.petraperdana.com.my
549,PERMAJU INDUSTRIES BERHAD [S],http://www.permaju.com.my
550,PESONA METRO HOLDINGS BERHAD [S],http://www.pesona.com.my
551,PESTECH INTERNATIONAL BERHAD [S],http://pestech-international.com/
552,PETRA ENERGY BERHAD [S],http://www.petraenergy.com.my
553,PETRON MALAYSIA REFINING & MARKETING BHD [S],http://www.petron.com.my
554,PETRONAS CHEMICALS GROUP BERHAD [S],http://www.petronaschemicals.com
555,PETRONAS DAGANGAN BHD [S],http://www.mymesra.com.my
556,PETRONAS GAS BERHAD [S],http://www.petronasgas.com
557,PHARMANIAGA BERHAD [S],http://www.pharmaniaga.com/ph/main.cfm
558,PIMPINAN EHSAN BERHAD [S],https://www.pebhd.com.my
559,PINEHILL PACIFIC BERHAD [S],http://www.pinepac.com.my
560,PINTARAS JAYA BHD [S],http://www.pintaras.com.my
561,PJBUMI BERHAD [S],http://www.pjbumi.com.my
562,PLB ENGINEERING BERHAD,http://www.plb.com.my
563,PLENITUDE BERHAD,http://www.plenitude.com.my
564,PLS PLANTATIONS BERHAD [S],http://www.limbongan.com
565,PMB TECHNOLOGY BERHAD [S],http://www.pmbtechnology.com
566,PNE PCB BERHAD [S],http://www.pne.com.sg
567,POH HUAT RESOURCES HOLDINGS BERHAD [S],http://www.pohhuat.com
568,POH KONG HOLDINGS BERHAD [S],http://www.pohkong.com.my
569,POLY GLASS FIBRE (M) BERHAD [S],http://www.polyglass.com.my
570,POS MALAYSIA BERHAD [S],http://www.pos.com.my
571,POWER ROOT BERHAD [S],http://www.powerroot.com
572,PPB GROUP BERHAD [S],http://www.ppbgroup.com
573,PRESS METAL ALUMINIUM HOLDINGS BERHAD [S],http://www.pressmetal.com
574,PRESTAR RESOURCES BERHAD [S],http://www.prestar.com.my
575,PRESTARIANG BERHAD [S],http://www.prestariang.com.my
576,PRG HOLDINGS BERHAD [S],http://www.prg.com.my/
577,PRICEWORTH INTERNATIONAL BERHAD [S],http://www.pwpmalaysia.com.my/
578,PROGRESSIVE IMPACT CORPORATION BERHAD [S],http://www.pic.com.my
579,PROLEXUS BERHAD [S],http://www.prolexus.com.my
580,PROTASCO BERHAD [S],http://www.protasco.com.my
581,PERUSAHAAN SADUR TIMAH MALAYSIA (PERSTIMA) BHD [S],http://www.perstima.com.my
582,PUBLIC BANK BERHAD,http://www.publicbank.com.my
583,PUBLIC PACKAGES HOLDINGS BHD [S],http://www.pph.com.my
584,PUNCAK NIAGA HOLDINGS BERHAD [S],http://www.puncakniaga.com.my
585,PWF CORPORATION BERHAD [S],http://www.pwconsolidated.com.my
586,QL RESOURCES BERHAD [S],http://www.ql.com.my/
587,QUALITY CONCRETE HOLDINGS BERHAD [S],http://www.qchb.com.my
588,RALCO CORPORATION BERHAD [S],http://www.ralcocorp.com.my/
589,RANHILL HOLDINGS BERHAD [S],http://www.ranhill.com.my/
590,RAPID SYNERGY BERHAD,http://www.rapidsynergy.com.my
591,RCE CAPITAL BERHAD,http://www.rce.com.my
592,REACH ENERGY BERHAD [S],http://www.reachenergy.com.my
593,RED SENA BERHAD,http://www.redsena.com.my/
594,RESINTECH BERHAD [S],http://www.resintechmalaysia.my/
595,REX INDUSTRY BERHAD [S],http://www.rex.net.my
596,RGB INTERNATIONAL BHD,http://www.rgbgames.com
597,RGT BERHAD [S],http://www.rgtberhad.com
598,RHB BANK BERHAD,http://www.rhbgroup.com/
599,RHONE MA HOLDINGS BERHAD,http://www.rhonema.com/
600,RIMBUNAN SAWIT BERHAD [S],http://www.rsb.com.my/
601,RIVERVIEW RUBBER ESTATES BERHAD [S],http://www.riverview.com.my
602,ROHAS TECNIC BERHAD [S],http://www.rohastecnic.com/
603,RUBBEREX CORPORATION (M) BERHAD [S],http://www.rubberex-corp.com.my
604,SALCON BERHAD [S],http://www.salcon.com.my
605,SALUTICA BERHAD [S],http://www.salutica.com
606,SAM ENGINEERING & EQUIPMENT (M) BERHAD [S],http://www.sam-malaysia.com
607,SAMCHEM HOLDINGS BERHAD,http://www.samchem.com.my/home/
608,SAND NISKO CAPITAL BERHAD [S],http://www.lcfurniture.com/
609,SAPURA ENERGY BERHAD [S],http://www.sapuraenergy.com/
610,SAPURA INDUSTRIAL BERHAD [S],http://www.sapura.com.my/
611,SAPURA RESOURCES BERHAD [S],http://www.sapura-resources.com/
612,SARAWAK CABLE BERHAD [S],http://www.sarawakcable.com
613,SARAWAK CONSOLIDATED INDUSTRIES BERHAD [S],http://www.scib.com.my
614,SARAWAK OIL PALMS BERHAD [S],http://www.sop.com.my/
615,SARAWAK PLANTATION BERHAD [S],http://www.spbgroup.com.my
616,SASBADI HOLDINGS BERHAD [S],http://www.sasbadiholdings.com
617,SAUDEE GROUP BERHAD [S],http://saudee.com/
618,SBC CORPORATION BERHAD [S],http://www.sbcgroup.com.my
619,SCANWOLF CORPORATION BERHAD [S],http://www.scanwolf.com
620,SCGM BHD [S],http://www.scgmbhd.com
621,SCICOM (MSC) BERHAD,http://www.scicom-intl.com
622,SCIENTEX BERHAD [S],http://www.scientex.com.my
623,SCOMI ENERGY SERVICES BHD [S],http://www.scomienergy.com.my
624,SCOMI GROUP BERHAD [S],http://www.scomigroup.com.my
625,SEACERA GROUP BERHAD [S],http://www.seacera.com.my
626,SEAL INCORPORATED BERHAD [S],http://www.sib.com.my
627,SEALINK INTERNATIONAL BERHAD [S],http://www.asiasealink.com
628,SEE HUP CONSOLIDATED BERHAD [S],http://www.seehup.com.my
629,SEG INTERNATIONAL BHD [S],http://www.segi.edu.my
630,SELANGOR DREDGING BERHAD [S],http://www.sdb.com.my
631,SENI JAYA CORPORATION BERHAD [S],http://www.senijayacorp.com
632,SENTORIA GROUP BERHAD [S],http://www.sentoria.com.my
633,SERBA DINAMIK HOLDINGS BERHAD [S],http://serbadinamik.com/
634,SEREMBAN ENGINEERING BERHAD,http://www.seb.net.my
635,SERN KOU RESOURCES BERHAD [S],http://www.sernkou.com
636,SHANGRI-LA HOTELS (MALAYSIA) BERHAD,http://www.shangri-la.com
637,SHH RESOURCES HOLDINGS BERHAD [S],http://www.shh.com.my
638,SHIN YANG SHIPPING CORPORATION BERHAD [S],http://www.syshippingcorp.com.my/
639,SHL CONSOLIDATED BHD [S],http://www.shlcb.com.my/
640,SIG GASES BERHAD [S],http://www.siggases.com
641,SIGNATURE INTERNATIONAL BERHAD [S],http://www.signaturekitchen.com.my
642,SIME DARBY BERHAD [S],http://www.simedarby.com
643,SIME DARBY PLANTATION BERHAD [S],http://www.simedarbyplantation.com/
644,SIME DARBY PROPERTY BERHAD [S],https://www.simedarbyproperty.com/
645,SIN HENG CHAN (MALAYA) BERHAD [S],http://www.shcm.com.my/
646,SINMAH CAPITAL BERHAD [S],http://www.sinmah.com.my
647,SINO HUA-AN INTERNATIONAL BERHAD [S],http://www.sinohuaan.com
648,SINOTOP HOLDINGS BERHAD [S],http://www.sinotop.com.my
649,SKB SHUTTERS CORPORATION BERHAD [S],http://www.skb-shutters.com
650,SKP RESOURCES BHD [S],http://www.skpres.com
651,SLP RESOURCES BERHAD [S],http://www.sinliplas.com.my
652,SMIS CORPORATION BERHAD [S],http://www.smis.com.my
653,SOLID AUTOMOTIVE BERHAD [S],http://www.solidautomotive.com
654,SOUTH MALAYSIA INDUSTRIES BERHAD [S],http://www.smib.com.my
655,SOUTHERN ACIDS (M) BERHAD [S],http://www.southernacids.com
656,SOUTHERN STEEL BERHAD,http://www.southsteel.com/
657,S P SETIA BERHAD [S],http://www.spsetia.com.my
658,SPRITZER BHD [S],http://www.spritzer.com.my
659,STAR MEDIA GROUP BERHAD [S],http://www.thestar.com.my
660,STELLA HOLDINGS BERHAD [S],http://www.stella-holdings.com.my
661,SUBUR TIASA HOLDINGS BERHAD [S],https://www.suburtiasa.com/
662,SUCCESS TRANSFORMER CORPORATION BERHAD [S],http://www.stcgroup.com.my
663,SUMATEC RESOURCES BERHAD [S],http://www.sumatec.com
664,SUNGEI BAGAN RUBBER COMPANY (MALAYA) BERHAD,http://www.sungeibagan.com
665,SUNSURIA BERHAD [S],http://www.sunsuria.com/
666,SUNWAY BERHAD [S],http://www.sunway.com.my
667,SUNWAY CONSTRUCTION GROUP BERHAD [S],http://www.suncon.com.my/
668,SUNWAY REAL ESTATE INVESTMENT TRUST,http://www.sunwayreit.com
669,SUPERLON HOLDINGS BERHAD [S],http://www.superlon.com.my
670,SUPERMAX CORPORATION BERHAD [S],http://www.supermax.com.my
671,SURIA CAPITAL HOLDINGS BERHAD [S],http://www.suriagroup.com.my/
672,SWS CAPITAL BERHAD [S],http://www.swscap.com
673,SYARIKAT TAKAFUL MALAYSIA KELUARGA BERHAD [S],http://www.takaful-malaysia.com.my
674,SYCAL VENTURES BERHAD,http://www.sycalberhad.com
675,SYF RESOURCES BERHAD [S],http://www.syf.com.my/
676,SYMPHONY LIFE BERHAD [S],http://www.symphonylife.my
677,T7 GLOBAL BERHAD [S],http://www.t7global.com.my/
678,TA ANN HOLDINGS BERHAD [S],http://www.taann.com.my
679,TA ENTERPRISE BERHAD,http://www.ta.com.my/
680,TA GLOBAL BERHAD,http://www.taglobal.com.my/
681,TA WIN HOLDINGS BERHAD,http://www.ta-win.com
682,TADMAX RESOURCES BERHAD [S],http://www.tadmax.com.my
683,TAFI INDUSTRIES BERHAD [S],http://www.tafi.com.my
684,TALAM TRANSFORM BERHAD [S],http://www.ttransform.com.my
685,TALIWORKS CORPORATION BERHAD [S],http://www.taliworks.com.my/
686,TAMBUN INDAH LAND BERHAD [S],http://www.tambunindah.com
687,TAN CHONG MOTOR HOLDINGS BERHAD,http://www.tanchonggroup.com/
688,TANCO HOLDINGS BERHAD [S],http://www.tancoholdings.com
689,TAS OFFSHORE BERHAD [S],http://www.tasoffshore.com
690,TASCO BERHAD,http://www.tasco.com.my
691,TASEK CORPORATION BERHAD [S],http://www.tasekcement.com
692,TDM BERHAD,http://www.tdmberhad.com.my/
693,TECHBOND GROUP BERHAD [S],http://www.techbond.com.my/
694,TECK GUAN PERDANA BERHAD,http://www.teckguan.com/TGP
695,TEK SENG HOLDINGS BERHAD [S],http://www.tekseng.com.my
696,TELEKOM MALAYSIA BERHAD [S],http://www.tm.com.my
697,TENAGA NASIONAL BHD [S],http://www.tnb.com.my
698,TEO GUAN LEE CORPORATION BERHAD [S],http://www.tglcorp.com.my
699,TEO SENG CAPITAL BERHAD [S],http://www.teoseng.com.my
700,TEXCHEM RESOURCES BERHAD,http://www.texchemgroup.com
701,TH HEAVY ENGINEERING BERHAD [S],http://www.ramunia.com
702,TH PLANTATIONS BERHAD [S],http://thplantations.com.my/thp/
703,THETA EDGE BERHAD [S],http://www.theta-edge.com/
704,THONG GUAN INDUSTRIES BERHAD [S],http://www.thongguan.com
705,THREE-A RESOURCES BERHAD [S],http://www.three-a.com.my
706,THRIVEN GLOBAL BERHAD [S],http://thriven.com.my/
707,TIEN WAH PRESS HOLDINGS BERHAD,http://www.tienwah.com
708,TIGER SYNERGY BERHAD [S],http://www.tigersynergy.my/
709,TIMBERWELL BERHAD [S],http://timwell.com.my/
710,TIME DOTCOM BERHAD [S],http://www.time.com.my
711,TIONG NAM LOGISTICS HOLDINGS BERHAD [S],http://www.tiongnam.com
712,TITIJAYA LAND BERHAD [S],http://www.titijaya.com.my
713,TMC LIFE SCIENCES BERHAD,http://www.tmclife.com
714,TOMEI CONSOLIDATED BERHAD,http://www.tomei.com.my/
715,TOMYPAK HOLDINGS BERHAD [S],http://www.tomypak.com.my
716,TONG HERR RESOURCES BERHAD [S],http://tong.com.my/
717,TOP GLOVE CORPORATION BHD [S],http://www.topglove.com/
718,TOWER REAL ESTATE INVESTMENT TRUST,http://www.tower-reit.com.my
719,TOYO INK GROUP BERHAD [S],http://www.toyoink.com.my
720,TPC PLUS BERHAD [S],http://www.tpc.com.my
721,TRANSOCEAN HOLDINGS BHD [S],http://www.transocean.com.my
722,TRC SYNERGY BERHAD [S],http://www.trc.com.my
723,TRIVE PROPERTY GROUP BERHAD [S],http://www.etitech.com.my
724,TROPICANA CORPORATION BERHAD [S],http://www.dijaya.com.my
725,TSH RESOURCES BERHAD [S],http://www.tsh.com.my
726,TSR CAPITAL BERHAD [S],http://www.tsrcap.com.my
727,TUNE PROTECT GROUP BERHAD,http://www.tuneinsurance.com
728,TURBO-MECH BERHAD,http://www.turbomech.com.my
729,TURIYA BERHAD [S],http://www.turiya.com.my
730,UCHI TECHNOLOGIES BERHAD [S],http://www.uchi.net
731,UEM EDGENTA BERHAD [S],http://www.uemedgenta.com
732,UEM SUNRISE BERHAD [S],http://www.uemsunrise.com
733,UMS HOLDINGS BERHAD [S],http://www.umsh.com
734,UMS-NEIKEN GROUP BERHAD [S],http://www.ums-neiken.com/
735,UMW HOLDINGS BERHAD [S],http://www.umw.com.my
736,UNIMECH GROUP BERHAD [S],http://www.unimechgroup.com
737,UNISEM (M) BERHAD [S],http://www.unisemgroup.com
738,UNITED MALACCA BERHAD [S],http://www.unitedmalacca.com.my
739,UNITED PLANTATIONS BERHAD [S],http://www.unitedplantations.com
740,UNITED U-LI CORPORATION BERHAD [S],http://www.uli.com.my
741,UOA DEVELOPMENT BHD [S],http://www.uoadev.com.my
742,UOA REAL ESTATE INVESTMENT TRUST,http://www.uoareit.com.my
743,UPA CORPORATION BHD [S],http://www.upa.com.my
744,UWC BERHAD [S],https://www.uwcberhad.com.my/
745,UZMA BERHAD [S],http://www.uzmagroup.com
746,V.S. INDUSTRY BERHAD [S],http://www.vs-i.com
747,VELESTO ENERGY BERHAD [S],http://www.umw-oilgas.com
748,VERSATILE CREATIVE BERHAD [S],http://www.vc-b.com.my
749,VERTICE BERHAD [S],http://www.voir.com.my
750,VITROX CORPORATION BERHAD [S],http://www.vitrox.com/
751,VIZIONE HOLDINGS BERHAD [S],http://www.vizione.com.my/
752,VSTECS BERHAD [S],http://www.ecsm.com.my
753,WAH SEONG CORPORATION BERHAD [S],http://www.wahseong.com
754,WANG-ZHENG BERHAD,http://www.wangzhengberhad.com
755,WARISAN TC HOLDINGS BERHAD,http://www.warisantc.com/
756,WATTA HOLDING BERHAD [S],http://www.watta.com.my
757,WCE HOLDINGS BERHAD,http://www.wcehb.com.my
758,WCT HOLDINGS BERHAD [S],http://www.wct.com.my
759,WEGMANS HOLDINGS BERHAD [S],http://wegmans.com.my/
760,WELLCALL HOLDINGS BERHAD [S],http://wellcallholdings.com/
761,WESTPORTS HOLDINGS BERHAD [S],http://www.westportsmalaysia.com
762,WHITE HORSE BERHAD [S],http://www.whitehorse.com.my
763,WIDETECH (MALAYSIA) BERHAD,http://www.widetechbhd.com.my
764,WILLOWGLEN MSC BERHAD,http://www.willowglen.com.my/
765,WMG HOLDINGS BERHAD [S],http://www.wmghb.com.my/
766,WONG ENGINEERING CORPORATION BERHAD [S],http://www.wec.com.my
767,WOODLANDOR HOLDINGS BHD [S],http://www.woodlandor.com.my
768,WTK HOLDINGS BERHAD [S],http://www.wtkholdings.com
769,WZ SATU BERHAD [S],http://www.wengzheng.com/
770,XIAN LENG HOLDINGS BERHAD [S],http://www.xianleng.com.my
771,XIDELANG HOLDINGS LTD,http://www.xidelang.com/
772,XIN HWA HOLDINGS BERHAD [S],http://www.xinhwa.com.my/
773,Y&G CORPORATION BHD [S],http://www.ygcorp.com.my
774,Y.S.P.SOUTHEAST ASIA HOLDING BERHAD [S],http://www.yspsah.com
775,YEE LEE CORPORATION BHD [S],http://www.yeelee.com.my
776,YI-LAI BERHAD [S],http://www.alpha-tiles.com.my
777,YINSON HOLDINGS BERHAD [S],http://www.yinson.com.my
778,YKGI HOLDINGS BERHAD,http://ykgigroup.com/
779,YLI HOLDINGS BERHAD [S],http://www.yli.com.my
780,YNH PROPERTY BERHAD [S],http://www.ynhb.com.my
781,YONG TAI BERHAD [S],http://www.yongtai.com.my
782,YOONG ONN CORPORATION BERHAD [S],http://yoongonn.com
783,YTL CORPORATION BERHAD,http://www.ytl.com.my/
784,YTL HOSPITALITY REIT,http://www.starhillreit.com/
785,YTL POWER INTERNATIONAL BHD,http://www.ytl.com.my/index.asp
786,ZECON BERHAD [S],http://www.zecon.com.my
787,ZELAN BERHAD [S],http://www.zelan.com
788,ZHULIAN CORPORATION BERHAD [S],http://www.zhulian.com